{
	"credit": "Made with Blockbench",
	"textures": {
		"0": "block/oak_log",
		"1": "block/green_terracotta",
		"particle": "block/oak_log"
	},
	"elements": [
		{
			"name": "Twig1",
			"from": [10, 0.3, 0],
			"to": [11, 1.3, 7],
			"rotation": {"angle": -22.5, "axis": "x", "origin": [10, 8, 5]},
			"faces": {
				"north": {"uv": [0, 0, 1, 1], "texture": "#0"},
				"east": {"uv": [0, 0, 7, 1], "texture": "#0"},
				"south": {"uv": [0, 0, 1, 1], "texture": "#0"},
				"west": {"uv": [0, 0, 7, 1], "texture": "#0"},
				"up": {"uv": [0, 0, 7, 1], "rotation": 90, "texture": "#0"},
				"down": {"uv": [0, 0, 7, 1], "rotation": 270, "texture": "#0"}
			}
		},
		{
			"name": "Twig1b",
			"from": [9, 0.3, 4],
			"to": [10, 1.3, 6],
			"rotation": {"angle": -22.5, "axis": "x", "origin": [10, 8, 5]},
			"faces": {
				"north": {"uv": [0, 0, 1, 1], "texture": "#0"},
				"east": {"uv": [11, 0, 13, 1], "texture": "#0"},
				"south": {"uv": [0, 0, 1, 1], "texture": "#0"},
				"west": {"uv": [11, 0, 13, 1], "texture": "#0"},
				"up": {"uv": [11, 0, 13, 1], "rotation": 90, "texture": "#0"},
				"down": {"uv": [11, 0, 13, 1], "rotation": 270, "texture": "#0"}
			}
		},
		{
			"name": "Leave1",
			"from": [11, 0.3, 1],
			"to": [12, 1.3, 2],
			"rotation": {"angle": -22.5, "axis": "x", "origin": [10, 8, 5]},
			"faces": {
				"north": {"uv": [0, 0, 1, 1], "texture": "#1"},
				"east": {"uv": [0, 0, 1, 1], "texture": "#1"},
				"south": {"uv": [0, 0, 1, 1], "texture": "#1"},
				"west": {"uv": [0, 0, 1, 1], "texture": "#1"},
				"up": {"uv": [0, 0, 1, 1], "rotation": 90, "texture": "#1"},
				"down": {"uv": [0, 0, 1, 1], "rotation": 270, "texture": "#1"}
			}
		},
		{
			"name": "Leave2",
			"from": [5, 0, 7],
			"to": [6, 1, 8],
			"faces": {
				"north": {"uv": [0, 0, 1, 1], "texture": "#1"},
				"east": {"uv": [0, 0, 1, 1], "texture": "#1"},
				"south": {"uv": [0, 0, 1, 1], "texture": "#1"},
				"west": {"uv": [0, 0, 1, 1], "texture": "#1"},
				"up": {"uv": [0, 0, 1, 1], "texture": "#1"},
				"down": {"uv": [0, 0, 1, 1], "texture": "#1"}
			}
		},
		{
			"name": "Twig1b",
			"from": [13.5, 0.1, 8.7],
			"to": [14.3, 0.9, 10.7],
			"rotation": {"angle": -22.5, "axis": "y", "origin": [14, 0.5, 9.5]},
			"faces": {
				"north": {"uv": [0, 0, 1, 1], "texture": "#0"},
				"east": {"uv": [11, 0, 13, 1], "texture": "#0"},
				"south": {"uv": [0, 0, 1, 1], "texture": "#0"},
				"west": {"uv": [11, 0, 13, 1], "texture": "#0"},
				"up": {"uv": [11, 0, 13, 1], "rotation": 270, "texture": "#0"},
				"down": {"uv": [11, 0, 13, 1], "rotation": 90, "texture": "#0"}
			}
		},
		{
			"name": "Twig2",
			"from": [4, 0, 8],
			"to": [15, 1, 9],
			"faces": {
				"north": {"uv": [0, 4, 11, 5], "texture": "#0"},
				"east": {"uv": [0, 0, 1, 1], "texture": "#0"},
				"south": {"uv": [0, 4, 11, 5], "texture": "#0"},
				"west": {"uv": [0, 0, 1, 1], "texture": "#0"},
				"up": {"uv": [0, 4, 11, 5], "texture": "#0"},
				"down": {"uv": [0, 4, 11, 5], "texture": "#0"}
			}
		},
		{
			"name": "Leave3",
			"from": [8, 0, 9],
			"to": [9, 1, 10],
			"faces": {
				"north": {"uv": [3, 1, 4, 2], "texture": "#1"},
				"east": {"uv": [3, 1, 4, 2], "texture": "#1"},
				"south": {"uv": [3, 1, 4, 2], "texture": "#1"},
				"west": {"uv": [3, 1, 4, 2], "texture": "#1"},
				"up": {"uv": [3, 1, 4, 2], "texture": "#1"},
				"down": {"uv": [3, 1, 4, 2], "texture": "#1"}
			}
		},
		{
			"name": "Leave4",
			"from": [12.3, 0.1, 9.6],
			"to": [13.1, 0.9, 10.4],
			"rotation": {"angle": -22.5, "axis": "y", "origin": [13.4, 0.5, 10.4]},
			"faces": {
				"north": {"uv": [3, 1, 4, 2], "texture": "#1"},
				"east": {"uv": [3, 1, 4, 2], "texture": "#1"},
				"south": {"uv": [3, 1, 4, 2], "texture": "#1"},
				"west": {"uv": [3, 1, 4, 2], "texture": "#1"},
				"up": {"uv": [3, 1, 4, 2], "rotation": 270, "texture": "#1"},
				"down": {"uv": [3, 1, 4, 2], "rotation": 90, "texture": "#1"}
			}
		}
	],
	"groups": [
		{
			"name": "1",
			"children": [0, 1, 2]
		},
		{
			"name": "2",
			"children": [3, 4, 5, 6, 7]
		}
	]
}