﻿{
	"credit": "Made with Blockbench, a free, modern block model editor by JannisX11",
	"textures": {
		"0": "#wood",
		"particle": "#wood"
		},
	"elements": [
		{
			"name": "cube",
			"from": [6, 6, 6],
			"to": [10, 10, 22],
			"faces": {
				"north": {"uv": [0, 0, 4, 4], "texture": "#0"},
				"east": {"uv": [0, 0, 16, 4], "texture": "#0"},
				"south": {	"uv": [0, 0, 4, 4], "texture": "#0"},
				"west": {"uv": [0, 0, 16, 4], "texture": "#0"},
				"up": {"uv": [2, 0, 6, 16], "texture": "#0"},
				"down": {"uv": [2, 0, 6, 16], "texture": "#0"}
			}
		},
		{
			"name": "cube",
			"from": [10, 6, 6],
			"to": [22, 10, 10],
			"faces": {
				"north": {"uv": [0, 0, 12, 4], "texture": "#0"},
				"east": {"uv": [0, 0, 4, 4], "texture": "#0"},
				"south": {	"uv": [0, 0, 12, 4], "texture": "#0"},
				"west": {"uv": [0, 0, 4, 4], "texture": "#0"},
				"up": {"uv": [0, 0, 12, 4], "texture": "#0"},
				"down": {"uv": [0, 0, 12, 4], "texture": "#0"}
			}
		}
	]
}