{
    "__comment": "Model generated using MrCrayfish's Model Creator (http://mrcrayfish.com/modelcreator/)",
    "textures": {
        "0": "block/spruce_planks",
		"particle": "block/spruce_planks"
    },
    "elements": [
        {
            "name": "layer1.1",
            "from": [ 2.0, 0.0, 0.0 ], 
            "to": [ 4.0, 3.0, 1.0 ], 
            "faces": {
                "north": { "texture": "#0", "uv": [ 9.0, 6.0, 11.0, 9.0 ] },
                "east": { "texture": "#0", "uv": [ 14.0, 3.0, 13.0, 6.0 ] },
                "south": { "texture": "#0", "uv": [ 9.0, 10.0, 11.0, 13.0 ] },
                "west": { "texture": "#0", "uv": [ 11.0, 7.0, 12.0, 10.0 ] },
                "up": { "texture": "#0", "uv": [ 3.0, 4.0, 5.0, 5.0 ] },
                "down": { "texture": "#0", "uv": [ 9.0, 8.0, 11.0, 9.0 ] }
            }
        },
        {
            "name": "layer2",
            "from": [ 1.0, 1.0, 1.0 ], 
            "to": [ 15.0, 3.0, 2.0 ], 
            "faces": {
                "north": { "texture": "#0", "uv": [ 2.0, 14.0, 16.0, 16.0 ] },
                "east": { "texture": "#0", "uv": [ 0.0, 2.0, 1.0, 4.0 ] },
                "south": { "texture": "#0", "uv": [ 2.0, 14.0, 16.0, 16.0 ] },
                "west": { "texture": "#0", "uv": [ 11.0, 8.0, 12.0, 10.0 ] },
                "up": { "texture": "#0", "uv": [ 1.0, 4.0, 15.0, 5.0 ] },
                "down": { "texture": "#0", "uv": [ 2.0, 7.0, 16.0, 8.0 ] }
            }
        },
        {
            "name": "layer3",
            "from": [ 1.0, 5.0, 1.0 ], 
            "to": [ 9.0, 7.0, 2.0 ], 
            "faces": {
                "north": { "texture": "#0", "uv": [ 5.0, 6.0, 13.0, 8.0 ] },
                "east": { "texture": "#0", "uv": [ 6.0, 6.0, 7.0, 8.0 ] },
                "south": { "texture": "#0", "uv": [ 4.0, 2.0, 9.0, 4.0 ] },
                "west": { "texture": "#0", "uv": [ 9.0, 6.0, 6.0, 8.0 ] },
                "up": { "texture": "#0", "uv": [ 3.0, 2.0, 11.0, 3.0 ] },
                "down": { "texture": "#0", "uv": [ 4.0, 7.0, 10.0, 8.0 ] }
            }
        },
        {
            "name": "layer4",
            "from": [ 1.0, 9.0, 1.0 ], 
            "to": [ 5.0, 11.0, 2.0 ], 
            "faces": {
                "north": { "texture": "#0", "uv": [ 7.0, 2.0, 11.0, 4.0 ] },
                "east": { "texture": "#0", "uv": [ 11.0, 6.0, 12.0, 8.0 ] },
                "south": { "texture": "#0", "uv": [ 5.0, 2.0, 9.0, 4.0 ] },
                "west": { "texture": "#0", "uv": [ 10.0, 5.0, 11.0, 7.0 ] },
                "up": { "texture": "#0", "uv": [ 4.0, 1.0, 8.0, 2.0 ] },
                "down": { "texture": "#0", "uv": [ 4.0, 3.0, 8.0, 4.0 ] }
            }
        },
        {
            "name": "layer5",
            "from": [ 1.0, 13.0, 1.0 ], 
            "to": [ 5.0, 15.0, 2.0 ], 
            "faces": {
                "north": { "texture": "#0", "uv": [ 8.0, 6.0, 12.0, 8.0 ] },
                "east": { "texture": "#0", "uv": [ 6.0, 14.0, 7.0, 16.0 ] },
                "south": { "texture": "#0", "uv": [ 7.0, 2.0, 11.0, 4.0 ] },
                "west": { "texture": "#0", "uv": [ 5.0, 10.0, 6.0, 12.0 ] },
                "up": { "texture": "#0", "uv": [ 4.0, 0.0, 8.0, 1.0 ] },
                "down": { "texture": "#0", "uv": [ 10.0, 15.0, 14.0, 16.0 ] }
            }
        },
        {
            "name": "vert2",
            "from": [ 2.0, 3.0, 0.0 ], 
            "to": [ 4.0, 4.0, 1.0 ], 
            "faces": {
                "north": { "texture": "#0", "uv": [ 9.0, 7.0, 11.0, 8.0 ] },
                "east": { "texture": "#0", "uv": [ 4.0, 3.0, 5.0, 4.0 ] },
                "south": { "texture": "#0", "uv": [ 10.0, 7.0, 12.0, 8.0 ] },
                "west": { "texture": "#0", "uv": [ 11.0, 4.0, 12.0, 5.0 ] },
                "up": { "texture": "#0", "uv": [ 4.0, 1.0, 6.0, 2.0 ] },
                "down": { "texture": "#0", "uv": [ 6.0, 15.0, 8.0, 16.0 ] }
            }
        },
        {
            "name": "vert3",
            "from": [ 12.0, 8.0, 0.0 ], 
            "to": [ 14.0, 11.0, 1.0 ], 
            "faces": {
                "north": { "texture": "#0", "uv": [ 7.0, 3.0, 9.0, 6.0 ] },
                "east": { "texture": "#0", "uv": [ 8.0, 3.0, 9.0, 6.0 ] },
                "south": { "texture": "#0", "uv": [ 7.0, 3.0, 9.0, 6.0 ] },
                "west": { "texture": "#0", "uv": [ 3.0, 2.0, 4.0, 5.0 ] },
                "up": { "texture": "#0", "uv": [ 6.0, 2.0, 8.0, 3.0 ] },
                "down": { "texture": "#0", "uv": [ 6.0, 5.0, 8.0, 6.0 ] }
            }
        },
        {
            "name": "vert4",
            "from": [ 2.0, 7.0, 0.0 ], 
            "to": [ 4.0, 12.0, 1.0 ], 
            "faces": {
                "north": { "texture": "#0", "uv": [ 10.0, 3.0, 12.0, 8.0 ] },
                "east": { "texture": "#0", "uv": [ 3.0, 3.0, 4.0, 8.0 ] },
                "south": { "texture": "#0", "uv": [ 10.0, 3.0, 12.0, 8.0 ] },
                "west": { "texture": "#0", "uv": [ 8.0, 11.0, 9.0, 16.0 ] },
                "up": { "texture": "#0", "uv": [ 6.0, 3.0, 8.0, 4.0 ] },
                "down": { "texture": "#0", "uv": [ 9.0, 7.0, 11.0, 8.0 ] }
            }
        },
        {
            "name": "vert5",
            "from": [ 12.0, 13.0, 0.0 ], 
            "to": [ 14.0, 16.0, 1.0 ], 
            "faces": {
                "north": { "texture": "#0", "uv": [ 12.0, 11.0, 14.0, 14.0 ] },
                "east": { "texture": "#0", "uv": [ 2.0, 11.0, 3.0, 14.0 ] },
                "south": { "texture": "#0", "uv": [ 8.0, 7.0, 10.0, 10.0 ] },
                "west": { "texture": "#0", "uv": [ 12.0, 11.0, 13.0, 14.0 ] },
                "up": { "texture": "#0", "uv": [ 2.0, 3.0, 4.0, 4.0 ] },
                "down": { "texture": "#0", "uv": [ 5.0, 5.0, 7.0, 6.0 ] }
            }
        },
        {
            "name": "ver11",
            "from": [ 13.0, 0.0, 0.0 ], 
            "to": [ 14.0, 1.0, 1.0 ], 
            "faces": {
                "north": { "texture": "#0", "uv": [ 8.0, 10.0, 9.0, 11.0 ] },
                "east": { "texture": "#0", "uv": [ 6.0, 1.0, 7.0, 2.0 ] },
                "south": { "texture": "#0", "uv": [ 9.0, 5.0, 10.0, 6.0 ] },
                "west": { "texture": "#0", "uv": [ 7.0, 9.0, 8.0, 10.0 ] },
                "up": { "texture": "#0", "uv": [ 5.0, 5.0, 6.0, 6.0 ] },
                "down": { "texture": "#0", "uv": [ 6.0, 14.0, 7.0, 15.0 ] }
            }
        },
        {
            "name": "vert6",
            "from": [ 12.0, 1.0, 0.0 ], 
            "to": [ 14.0, 3.0, 1.0 ], 
            "faces": {
                "north": { "texture": "#0", "uv": [ 7.0, 8.0, 5.0, 10.0 ] },
                "east": { "texture": "#0", "uv": [ 10.0, 9.0, 11.0, 11.0 ] },
                "south": { "texture": "#0", "uv": [ 8.0, 9.0, 9.0, 11.0 ] },
                "west": { "texture": "#0", "uv": [ 7.0, 6.0, 8.0, 8.0 ] },
                "up": { "texture": "#0", "uv": [ 4.0, 5.0, 6.0, 6.0 ] },
                "down": { "texture": "#0", "uv": [ 8.0, 8.0, 10.0, 9.0 ] }
            }
        },
        {
            "name": "vert12",
            "from": [ 2.0, 4.0, 0.0 ], 
            "to": [ 3.0, 7.0, 1.0 ], 
            "faces": {
                "north": { "texture": "#0", "uv": [ 7.0, 8.0, 8.0, 11.0 ] },
                "east": { "texture": "#0", "uv": [ 7.0, 2.0, 8.0, 5.0 ] },
                "south": { "texture": "#0", "uv": [ 8.0, 7.0, 9.0, 10.0 ] },
                "west": { "texture": "#0", "uv": [ 3.0, 1.0, 4.0, 4.0 ] },
                "up": { "texture": "#0", "uv": [ 5.0, 2.0, 6.0, 3.0 ] },
                "down": { "texture": "#0", "uv": [ 7.0, 5.0, 8.0, 6.0 ] }
            }
        },
        {
            "name": "vert13",
            "from": [ 12.0, 3.0, 0.0 ], 
            "to": [ 13.0, 7.0, 1.0 ], 
            "faces": {
                "north": { "texture": "#0", "uv": [ 8.0, 0.0, 9.0, 4.0 ] },
                "east": { "texture": "#0", "uv": [ 4.0, 12.0, 5.0, 16.0 ] },
                "south": { "texture": "#0", "uv": [ 11.0, 12.0, 12.0, 16.0 ] },
                "west": { "texture": "#0", "uv": [ 0.0, 0.0, 1.0, 4.0 ] },
                "up": { "texture": "#0", "uv": [ 6.0, 2.0, 7.0, 3.0 ] },
                "down": { "texture": "#0", "uv": [ 5.0, 15.0, 6.0, 16.0 ] }
            }
        },
        {
            "name": "vert14",
            "from": [ 13.0, 4.0, 0.0 ], 
            "to": [ 14.0, 8.0, 1.0 ], 
            "faces": {
                "north": { "texture": "#0", "uv": [ 7.0, 3.0, 8.0, 7.0 ] },
                "east": { "texture": "#0", "uv": [ 5.0, 3.0, 6.0, 7.0 ] },
                "south": { "texture": "#0", "uv": [ 7.0, 3.0, 6.0, 7.0 ] },
                "west": { "texture": "#0", "uv": [ 11.0, 7.0, 10.0, 11.0 ] },
                "up": { "texture": "#0", "uv": [ 4.0, 3.0, 5.0, 4.0 ] },
                "down": { "texture": "#0", "uv": [ 4.0, 5.0, 5.0, 6.0 ] }
            }
        },
        {
            "name": "vert15",
            "from": [ 13.0, 11.0, 0.0 ], 
            "to": [ 14.0, 13.0, 1.0 ], 
            "faces": {
                "north": { "texture": "#0", "uv": [ 7.0, 10.0, 8.0, 12.0 ] },
                "east": { "texture": "#0", "uv": [ 5.0, 2.0, 6.0, 4.0 ] },
                "south": { "texture": "#0", "uv": [ 14.0, 6.0, 15.0, 8.0 ] },
                "west": { "texture": "#0", "uv": [ 4.0, 2.0, 5.0, 4.0 ] },
                "up": { "texture": "#0", "uv": [ 8.0, 2.0, 9.0, 3.0 ] },
                "down": { "texture": "#0", "uv": [ 3.0, 3.0, 4.0, 4.0 ] }
            }
        },
        {
            "name": "vert16",
            "from": [ 3.0, 12.0, 0.0 ], 
            "to": [ 4.0, 15.0, 1.0 ], 
            "faces": {
                "north": { "texture": "#0", "uv": [ 2.0, 10.0, 3.0, 13.0 ] },
                "east": { "texture": "#0", "uv": [ 14.0, 2.0, 15.0, 5.0 ] },
                "south": { "texture": "#0", "uv": [ 9.0, 6.0, 10.0, 9.0 ] },
                "west": { "texture": "#0", "uv": [ 5.0, 10.0, 6.0, 13.0 ] },
                "up": { "texture": "#0", "uv": [ 4.0, 2.0, 5.0, 3.0 ] },
                "down": { "texture": "#0", "uv": [ 3.0, 5.0, 4.0, 6.0 ] }
            }
        },
        {
            "name": "vert17",
            "from": [ 2.0, 12.0, 0.0 ], 
            "to": [ 3.0, 16.0, 1.0 ], 
            "faces": {
                "north": { "texture": "#0", "uv": [ 7.0, 11.0, 8.0, 15.0 ] },
                "east": { "texture": "#0", "uv": [ 12.0, 3.0, 13.0, 7.0 ] },
                "south": { "texture": "#0", "uv": [ 6.0, 3.0, 7.0, 7.0 ] },
                "west": { "texture": "#0", "uv": [ 6.0, 7.0, 7.0, 11.0 ] },
                "up": { "texture": "#0", "uv": [ 3.0, 3.0, 4.0, 4.0 ] },
                "down": { "texture": "#0", "uv": [ 7.0, 2.0, 8.0, 3.0 ] }
            }
        },
        {
            "name": "layer3.1",
            "from": [ 11.0, 5.0, 1.0 ], 
            "to": [ 15.0, 7.0, 2.0 ], 
            "faces": {
                "north": { "texture": "#0", "uv": [ 8.0, 10.0, 12.0, 12.0 ] },
                "east": { "texture": "#0", "uv": [ 6.0, 2.0, 7.0, 4.0 ] },
                "south": { "texture": "#0", "uv": [ 2.0, 2.0, 6.0, 4.0 ] },
                "west": { "texture": "#0", "uv": [ 3.0, 10.0, 4.0, 12.0 ] },
                "up": { "texture": "#0", "uv": [ 5.0, 2.0, 9.0, 3.0 ] },
                "down": { "texture": "#0", "uv": [ 8.0, 15.0, 12.0, 16.0 ] }
            }
        },
        {
            "name": "layer3.2",
            "from": [ 9.0, 5.0, 1.0 ], 
            "to": [ 11.0, 6.0, 2.0 ], 
            "faces": {
                "north": { "texture": "#0", "uv": [ 9.0, 15.0, 11.0, 16.0 ] },
                "east": { "texture": "#0", "uv": [ 5.0, 1.0, 6.0, 2.0 ] },
                "south": { "texture": "#0", "uv": [ 4.0, 3.0, 6.0, 4.0 ] },
                "west": { "texture": "#0", "uv": [ 6.0, 5.0, 7.0, 6.0 ] },
                "up": { "texture": "#0", "uv": [ 6.0, 1.0, 8.0, 2.0 ] },
                "down": { "texture": "#0", "uv": [ 5.0, 15.0, 7.0, 16.0 ] }
            }
        },
        {
            "name": "layer4.1",
            "from": [ 7.0, 9.0, 1.0 ], 
            "to": [ 9.0, 11.0, 2.0 ], 
            "faces": {
                "north": { "texture": "#0", "uv": [ 5.0, 2.0, 7.0, 4.0 ] },
                "east": { "texture": "#0", "uv": [ 4.0, 14.0, 5.0, 16.0 ] },
                "south": { "texture": "#0", "uv": [ 10.0, 6.0, 12.0, 8.0 ] },
                "west": { "texture": "#0", "uv": [ 11.0, 10.0, 12.0, 12.0 ] },
                "up": { "texture": "#0", "uv": [ 6.0, 1.0, 8.0, 2.0 ] },
                "down": { "texture": "#0", "uv": [ 1.0, 3.0, 3.0, 4.0 ] }
            }
        },
        {
            "name": "layer4.2",
            "from": [ 10.0, 9.0, 1.0 ], 
            "to": [ 15.0, 11.0, 2.0 ], 
            "faces": {
                "north": { "texture": "#0", "uv": [ 9.0, 14.0, 14.0, 16.0 ] },
                "east": { "texture": "#0", "uv": [ 6.0, 14.0, 7.0, 16.0 ] },
                "south": { "texture": "#0", "uv": [ 4.0, 2.0, 9.0, 4.0 ] },
                "west": { "texture": "#0", "uv": [ 6.0, 2.0, 7.0, 4.0 ] },
                "up": { "texture": "#0", "uv": [ 4.0, 1.0, 9.0, 2.0 ] },
                "down": { "texture": "#0", "uv": [ 2.0, 11.0, 7.0, 12.0 ] }
            }
        },
        {
            "name": "layer4.4",
            "from": [ 9.0, 9.0, 1.0 ], 
            "to": [ 10.0, 10.0, 2.0 ], 
            "faces": {
                "north": { "texture": "#0", "uv": [ 10.0, 6.0, 11.0, 7.0 ] },
                "east": { "texture": "#0", "uv": [ 15.0, 3.0, 16.0, 4.0 ] },
                "south": { "texture": "#0", "uv": [ 1.0, 3.0, 2.0, 4.0 ] },
                "west": { "texture": "#0", "uv": [ 2.0, 3.0, 3.0, 4.0 ] },
                "up": { "texture": "#0", "uv": [ 8.0, 7.0, 9.0, 8.0 ] },
                "down": { "texture": "#0", "uv": [ 3.0, 3.0, 4.0, 4.0 ] }
            }
        },
        {
            "name": "layer4.3",
            "from": [ 5.0, 10.0, 1.0 ], 
            "to": [ 7.0, 11.0, 2.0 ], 
            "faces": {
                "north": { "texture": "#0", "uv": [ 6.0, 4.0, 8.0, 5.0 ] },
                "east": { "texture": "#0", "uv": [ 8.0, 9.0, 9.0, 10.0 ] },
                "south": { "texture": "#0", "uv": [ 11.0, 1.0, 13.0, 2.0 ] },
                "west": { "texture": "#0", "uv": [ 5.0, 1.0, 6.0, 2.0 ] },
                "up": { "texture": "#0", "uv": [ 3.0, 0.0, 5.0, 1.0 ] },
                "down": { "texture": "#0", "uv": [ 7.0, 1.0, 9.0, 2.0 ] }
            }
        },
        {
            "name": "layer5.1",
            "from": [ 10.0, 13.0, 1.0 ], 
            "to": [ 15.0, 15.0, 2.0 ], 
            "faces": {
                "north": { "texture": "#0", "uv": [ 10.0, 6.0, 15.0, 8.0 ] },
                "east": { "texture": "#0", "uv": [ 13.0, 10.0, 14.0, 12.0 ] },
                "south": { "texture": "#0", "uv": [ 1.0, 2.0, 6.0, 4.0 ] },
                "west": { "texture": "#0", "uv": [ 8.0, 2.0, 9.0, 4.0 ] },
                "up": { "texture": "#0", "uv": [ 2.0, 2.0, 7.0, 3.0 ] },
                "down": { "texture": "#0", "uv": [ 4.0, 3.0, 9.0, 4.0 ] }
            }
        },
        {
            "name": "layer5.2",
            "from": [ 5.0, 13.0, 1.0 ], 
            "to": [ 10.0, 14.0, 2.0 ], 
            "faces": {
                "north": { "texture": "#0", "uv": [ 7.0, 15.0, 12.0, 16.0 ] },
                "east": { "texture": "#0", "uv": [ 6.0, 3.0, 7.0, 4.0 ] },
                "south": { "texture": "#0", "uv": [ 9.0, 15.0, 14.0, 16.0 ] },
                "west": { "texture": "#0", "uv": [ 3.0, 3.0, 4.0, 4.0 ] },
                "up": { "texture": "#0", "uv": [ 10.0, 3.0, 15.0, 4.0 ] },
                "down": { "texture": "#0", "uv": [ 2.0, 15.0, 7.0, 16.0 ] }
            }
        }
    ]
}