{
    "variants": {
        "powered=false": [
		{ "model": "block/custom/grass/grass1", "y": 0 },
		{ "model": "block/custom/grass/grass1", "y": 90 },
		{ "model": "block/custom/grass/grass1", "y": 180 },
		{ "model": "block/custom/grass/grass1", "y": 270 },
		{ "model": "block/custom/grass/grass2", "y": 0 },
		{ "model": "block/custom/grass/grass2", "y": 90 },
		{ "model": "block/custom/grass/grass2", "y": 180 },
		{ "model": "block/custom/grass/grass2", "y": 270 },
	    { "model": "block/custom/grass/grass3", "y": 0 },
		{ "model": "block/custom/grass/grass3", "y": 90 },
		{ "model": "block/custom/grass/grass3", "y": 180 },
		{ "model": "block/custom/grass/grass3", "y": 270 }
		],
		"powered=true": [
		{ "model": "block/custom/grass/grass1", "y": 0 },
		{ "model": "block/custom/grass/grass1", "y": 90 },
		{ "model": "block/custom/grass/grass1", "y": 180 },
		{ "model": "block/custom/grass/grass1", "y": 270 },
		{ "model": "block/custom/grass/grass2", "y": 0 },
		{ "model": "block/custom/grass/grass2", "y": 90 },
		{ "model": "block/custom/grass/grass2", "y": 180 },
		{ "model": "block/custom/grass/grass2", "y": 270 },
	    { "model": "block/custom/grass/grass3", "y": 0 },
		{ "model": "block/custom/grass/grass3", "y": 90 },
		{ "model": "block/custom/grass/grass3", "y": 180 },
		{ "model": "block/custom/grass/grass3", "y": 270 }
		]
    }
}
