{
    "variants": {
        "face=floor,facing=east,powered=false":  { "model": "block/custom/nothing" },
        "face=floor,facing=west,powered=false":  { "model": "block/custom/nothing" },
        "face=floor,facing=south,powered=false": { "model": "block/custom/nothing" },
        "face=floor,facing=north,powered=false": { "model": "block/custom/nothing" },
        "face=wall,facing=east,powered=false":  { "model": "block/custom/nothing" },
        "face=wall,facing=west,powered=false":  { "model": "block/custom/nothing" },
        "face=wall,facing=south,powered=false": { "model": "block/custom/nothing" },
        "face=wall,facing=north,powered=false": { "model": "block/custom/nothing" },
        "face=ceiling,facing=east,powered=false":  { "model": "block/custom/nothing" },
        "face=ceiling,facing=west,powered=false":  { "model": "block/custom/nothing" },
        "face=ceiling,facing=south,powered=false": { "model": "block/custom/nothing" },
        "face=ceiling,facing=north,powered=false": { "model": "block/acacia_button", "x": 180, "y": 180 },
        "face=floor,facing=east,powered=true":  { "model": "block/custom/fence/normal_spruce", "y": 90, "uvlock": true },
        "face=floor,facing=west,powered=true":  { "model": "block/custom/fence/normal_spruce", "y": 270, "uvlock": true },
        "face=floor,facing=south,powered=true": { "model": "block/custom/fence/normal_spruce", "y": 180, "uvlock": true },
        "face=floor,facing=north,powered=true": { "model": "block/custom/fence/normal_spruce", "y": 0, "uvlock": true },
        "face=wall,facing=east,powered=true":  { "model": "block/custom/fence/normal_oak", "y": 90, "uvlock": true },
        "face=wall,facing=west,powered=true":  { "model": "block/custom/fence/normal_oak", "y": 270, "uvlock": true },
        "face=wall,facing=south,powered=true": { "model": "block/custom/fence/normal_oak", "y": 180, "uvlock": true },
        "face=wall,facing=north,powered=true": { "model": "block/custom/fence/normal_oak", "y": 0, "uvlock": true },
        "face=ceiling,facing=east,powered=true":  { "model": "block/custom/cup" },
        "face=ceiling,facing=west,powered=true":  [ 	
																					{ "model": "block/custom/log/spruce1" }, 
																					{ "model": "block/custom/log/spruce2" }, 
																					{ "model": "block/custom/log/spruce3" }, 
																					{ "model": "block/custom/log/spruce4" },
																					{ "model": "block/custom/log/spruce5" } 
																					],
        "face=ceiling,facing=south,powered=true": [ 	
																					{ "model": "block/custom/log/oak1" }, 
																					{ "model": "block/custom/log/oak2" }, 
																					{ "model": "block/custom/log/oak3" }, 
																					{ "model": "block/custom/log/oak4" },
																					{ "model": "block/custom/log/oak5" } 
																					],
        "face=ceiling,facing=north,powered=true": { "model": "block/spruce_fence_gate_open", "uvlock": true, "y": 270 }
    }
}
