{
    "variants": {
        "powered=false": [
		{ "model": "block/custom/cactus/cactus1", "y": 0 },
		{ "model": "block/custom/cactus/cactus1", "y": 90 },
		{ "model": "block/custom/cactus/cactus1", "y": 180 },
		{ "model": "block/custom/cactus/cactus1", "y": 270 },
		{ "model": "block/custom/cactus/cactus2", "y": 0 },
		{ "model": "block/custom/cactus/cactus2", "y": 90 },
		{ "model": "block/custom/cactus/cactus2", "y": 180 },
		{ "model": "block/custom/cactus/cactus2", "y": 270 },
	    { "model": "block/custom/cactus/cactus3", "y": 0 },
		{ "model": "block/custom/cactus/cactus3", "y": 90 },
		{ "model": "block/custom/cactus/cactus3", "y": 180 },
		{ "model": "block/custom/cactus/cactus3", "y": 270 },
	    { "model": "block/custom/cactus/cactus4", "y": 0 },
		{ "model": "block/custom/cactus/cactus4", "y": 90 },
		{ "model": "block/custom/cactus/cactus4", "y": 180 },
		{ "model": "block/custom/cactus/cactus4", "y": 270 },
	    { "model": "block/custom/cactus/cactus5", "y": 0 },
		{ "model": "block/custom/cactus/cactus5", "y": 90 },
		{ "model": "block/custom/cactus/cactus5", "y": 180 },
		{ "model": "block/custom/cactus/cactus5", "y": 270 },
	    { "model": "block/custom/cactus/cactus6", "y": 0 },
		{ "model": "block/custom/cactus/cactus6", "y": 90 },
		{ "model": "block/custom/cactus/cactus6", "y": 180 },
		{ "model": "block/custom/cactus/cactus6", "y": 270 },
	    { "model": "block/custom/cactus/cactus7", "y": 0 },
		{ "model": "block/custom/cactus/cactus7", "y": 90 },
		{ "model": "block/custom/cactus/cactus7", "y": 180 },
		{ "model": "block/custom/cactus/cactus7", "y": 270 },
	    { "model": "block/custom/cactus/cactus8", "y": 0 },
		{ "model": "block/custom/cactus/cactus8", "y": 90 },
		{ "model": "block/custom/cactus/cactus8", "y": 180 },
		{ "model": "block/custom/cactus/cactus8", "y": 270 },
	    { "model": "block/custom/cactus/cactus9", "y": 0 },
		{ "model": "block/custom/cactus/cactus9", "y": 90 },
		{ "model": "block/custom/cactus/cactus9", "y": 180 },
		{ "model": "block/custom/cactus/cactus9", "y": 270 },
	    { "model": "block/custom/cactus/cactus10", "y": 0 },
		{ "model": "block/custom/cactus/cactus10", "y": 90 },
		{ "model": "block/custom/cactus/cactus10", "y": 180 },
		{ "model": "block/custom/cactus/cactus10", "y": 270 },
	    { "model": "block/custom/cactus/cactus11", "y": 0 },
		{ "model": "block/custom/cactus/cactus11", "y": 90 },
		{ "model": "block/custom/cactus/cactus11", "y": 180 },
		{ "model": "block/custom/cactus/cactus11", "y": 270 },
	    { "model": "block/custom/cactus/cactus12", "y": 0 },
		{ "model": "block/custom/cactus/cactus12", "y": 90 },
		{ "model": "block/custom/cactus/cactus12", "y": 180 },
		{ "model": "block/custom/cactus/cactus12", "y": 270 },
	    { "model": "block/custom/cactus/cactus13", "y": 0 },
		{ "model": "block/custom/cactus/cactus13", "y": 90 },
		{ "model": "block/custom/cactus/cactus13", "y": 180 },
		{ "model": "block/custom/cactus/cactus13", "y": 270 },
	    { "model": "block/custom/cactus/cactus14", "y": 0 },
		{ "model": "block/custom/cactus/cactus14", "y": 90 },
		{ "model": "block/custom/cactus/cactus14", "y": 180 },
		{ "model": "block/custom/cactus/cactus14", "y": 270 },
	    { "model": "block/custom/cactus/cactus15", "y": 0 },
		{ "model": "block/custom/cactus/cactus15", "y": 90 },
		{ "model": "block/custom/cactus/cactus15", "y": 180 },
		{ "model": "block/custom/cactus/cactus15", "y": 270 },
	    { "model": "block/custom/cactus/cactus16", "y": 0 },
		{ "model": "block/custom/cactus/cactus16", "y": 90 },
		{ "model": "block/custom/cactus/cactus16", "y": 180 },
		{ "model": "block/custom/cactus/cactus16", "y": 270 },
	    { "model": "block/custom/cactus/cactus17", "y": 0 },
		{ "model": "block/custom/cactus/cactus17", "y": 90 },
		{ "model": "block/custom/cactus/cactus17", "y": 180 },
		{ "model": "block/custom/cactus/cactus17", "y": 270 },
	    { "model": "block/custom/cactus/cactus18", "y": 0 },
		{ "model": "block/custom/cactus/cactus18", "y": 90 },
		{ "model": "block/custom/cactus/cactus18", "y": 180 },
		{ "model": "block/custom/cactus/cactus18", "y": 270 },
	    { "model": "block/custom/cactus/cactus19", "y": 0 },
		{ "model": "block/custom/cactus/cactus19", "y": 90 },
		{ "model": "block/custom/cactus/cactus19", "y": 180 },
		{ "model": "block/custom/cactus/cactus19", "y": 270 },
	    { "model": "block/custom/cactus/cactus20", "y": 0 },
		{ "model": "block/custom/cactus/cactus20", "y": 90 },
		{ "model": "block/custom/cactus/cactus20", "y": 180 },
		{ "model": "block/custom/cactus/cactus20", "y": 270 }
		],
		"powered=true": [
		{ "model": "block/custom/cactus/cactus1", "y": 0 },
		{ "model": "block/custom/cactus/cactus1", "y": 90 },
		{ "model": "block/custom/cactus/cactus1", "y": 180 },
		{ "model": "block/custom/cactus/cactus1", "y": 270 },
		{ "model": "block/custom/cactus/cactus2", "y": 0 },
		{ "model": "block/custom/cactus/cactus2", "y": 90 },
		{ "model": "block/custom/cactus/cactus2", "y": 180 },
		{ "model": "block/custom/cactus/cactus2", "y": 270 },
	    { "model": "block/custom/cactus/cactus3", "y": 0 },
		{ "model": "block/custom/cactus/cactus3", "y": 90 },
		{ "model": "block/custom/cactus/cactus3", "y": 180 },
		{ "model": "block/custom/cactus/cactus3", "y": 270 },
	    { "model": "block/custom/cactus/cactus4", "y": 0 },
		{ "model": "block/custom/cactus/cactus4", "y": 90 },
		{ "model": "block/custom/cactus/cactus4", "y": 180 },
		{ "model": "block/custom/cactus/cactus4", "y": 270 },
	    { "model": "block/custom/cactus/cactus5", "y": 0 },
		{ "model": "block/custom/cactus/cactus5", "y": 90 },
		{ "model": "block/custom/cactus/cactus5", "y": 180 },
		{ "model": "block/custom/cactus/cactus5", "y": 270 },
	    { "model": "block/custom/cactus/cactus6", "y": 0 },
		{ "model": "block/custom/cactus/cactus6", "y": 90 },
		{ "model": "block/custom/cactus/cactus6", "y": 180 },
		{ "model": "block/custom/cactus/cactus6", "y": 270 },
	    { "model": "block/custom/cactus/cactus7", "y": 0 },
		{ "model": "block/custom/cactus/cactus7", "y": 90 },
		{ "model": "block/custom/cactus/cactus7", "y": 180 },
		{ "model": "block/custom/cactus/cactus7", "y": 270 },
	    { "model": "block/custom/cactus/cactus8", "y": 0 },
		{ "model": "block/custom/cactus/cactus8", "y": 90 },
		{ "model": "block/custom/cactus/cactus8", "y": 180 },
		{ "model": "block/custom/cactus/cactus8", "y": 270 },
	    { "model": "block/custom/cactus/cactus9", "y": 0 },
		{ "model": "block/custom/cactus/cactus9", "y": 90 },
		{ "model": "block/custom/cactus/cactus9", "y": 180 },
		{ "model": "block/custom/cactus/cactus9", "y": 270 },
	    { "model": "block/custom/cactus/cactus10", "y": 0 },
		{ "model": "block/custom/cactus/cactus10", "y": 90 },
		{ "model": "block/custom/cactus/cactus10", "y": 180 },
		{ "model": "block/custom/cactus/cactus10", "y": 270 },
	    { "model": "block/custom/cactus/cactus11", "y": 0 },
		{ "model": "block/custom/cactus/cactus11", "y": 90 },
		{ "model": "block/custom/cactus/cactus11", "y": 180 },
		{ "model": "block/custom/cactus/cactus11", "y": 270 },
	    { "model": "block/custom/cactus/cactus12", "y": 0 },
		{ "model": "block/custom/cactus/cactus12", "y": 90 },
		{ "model": "block/custom/cactus/cactus12", "y": 180 },
		{ "model": "block/custom/cactus/cactus12", "y": 270 },
	    { "model": "block/custom/cactus/cactus13", "y": 0 },
		{ "model": "block/custom/cactus/cactus13", "y": 90 },
		{ "model": "block/custom/cactus/cactus13", "y": 180 },
		{ "model": "block/custom/cactus/cactus13", "y": 270 },
	    { "model": "block/custom/cactus/cactus14", "y": 0 },
		{ "model": "block/custom/cactus/cactus14", "y": 90 },
		{ "model": "block/custom/cactus/cactus14", "y": 180 },
		{ "model": "block/custom/cactus/cactus14", "y": 270 },
	    { "model": "block/custom/cactus/cactus15", "y": 0 },
		{ "model": "block/custom/cactus/cactus15", "y": 90 },
		{ "model": "block/custom/cactus/cactus15", "y": 180 },
		{ "model": "block/custom/cactus/cactus15", "y": 270 },
	    { "model": "block/custom/cactus/cactus16", "y": 0 },
		{ "model": "block/custom/cactus/cactus16", "y": 90 },
		{ "model": "block/custom/cactus/cactus16", "y": 180 },
		{ "model": "block/custom/cactus/cactus16", "y": 270 },
	    { "model": "block/custom/cactus/cactus17", "y": 0 },
		{ "model": "block/custom/cactus/cactus17", "y": 90 },
		{ "model": "block/custom/cactus/cactus17", "y": 180 },
		{ "model": "block/custom/cactus/cactus17", "y": 270 },
	    { "model": "block/custom/cactus/cactus18", "y": 0 },
		{ "model": "block/custom/cactus/cactus18", "y": 90 },
		{ "model": "block/custom/cactus/cactus18", "y": 180 },
		{ "model": "block/custom/cactus/cactus18", "y": 270 },
	    { "model": "block/custom/cactus/cactus19", "y": 0 },
		{ "model": "block/custom/cactus/cactus19", "y": 90 },
		{ "model": "block/custom/cactus/cactus19", "y": 180 },
		{ "model": "block/custom/cactus/cactus19", "y": 270 },
	    { "model": "block/custom/cactus/cactus20", "y": 0 },
		{ "model": "block/custom/cactus/cactus20", "y": 90 },
		{ "model": "block/custom/cactus/cactus20", "y": 180 },
		{ "model": "block/custom/cactus/cactus20", "y": 270 }
		]
    }
}
