{
	"credit": "Made with Blockbench, a free, modern block model editor by JannisX11",
	"textures": {
		"0": "block/gold_block",
		"particle": "block/gold_block"
	},
	"elements": [
		{
			"name": "BaseA1",
			"from": [
				6.713792000000001,
				0.07011199999999995,
				4.998848000000001
			],
			"to": [
				9.286208,
				0.49884799999999996,
				11.001152000000001
			],
			"shade": true,
			"faces": {
				"north": {"uv": [0, 0, 6, 1], "texture": "#0"},
				"east": {"uv": [0, 0, 16, 1], "texture": "#0"},
				"south": {"uv": [0, 0, 6, 1], "texture": "#0"},
				"west": {"uv": [0, 0, 16, 1], "texture": "#0"},
				"up": {"uv": [1, 0, 7, 16], "texture": "#0"},
				"down": {"uv": [1, 0, 7, 14], "texture": "#0"}
			}
		},
		{
			"name": "BaseA2",
			"from": [
				4.998848000000001,
				0.1129855999999998,
				6.713792000000001
			],
			"to": [11.001152000000001, 0.5417215999999998, 9.286208],
			"shade": true,
			"faces": {
				"north": {"uv": [0, 0, 16, 1], "texture": "#0"},
				"east": {"uv": [0, 0, 6, 1], "texture": "#0"},
				"south": {"uv": [0, 0, 16, 1], "texture": "#0"},
				"west": {"uv": [0, 0, 6, 1], "texture": "#0"},
				"up": {"uv": [0, 1, 16, 7], "texture": "#0"},
				"down": {"uv": [1, 0, 7, 16], "texture": "#0"}
			}
		},
		{
			"name": "BaseB",
			"from": [
				5.856319999999999,
				0.15585920000000142,
				5.856319999999999
			],
			"to": [10.14368, 1.0133312000000014, 10.14368],
			"shade": true,
			"faces": {
				"north": {"uv": [2, 1, 12, 4], "texture": "#0"},
				"east": {"uv": [1, 1, 11, 4], "texture": "#0"},
				"south": {"uv": [1, 1, 11, 4], "texture": "#0"},
				"west": {"uv": [1, 1, 11, 4], "texture": "#0"},
				"up": {"uv": [1, 1, 11, 11], "texture": "#0"},
				"down": {"uv": [1, 1, 11, 11], "texture": "#0"}
			}
		},
		{
			"name": "BaseC1",
			"from": [7.356896, 0.79467584, 6.842412800000001],
			"to": [8.643104000000001, 1.22341184, 7.271148799999999],
			"shade": true,
			"faces": {
				"north": {"uv": [12, 15, 15, 16], "texture": "#0"},
				"east": {"uv": [13, 11, 14, 12], "texture": "#0"},
				"south": {"uv": [11, 13, 14, 14], "texture": "#0"},
				"west": {"uv": [13, 12, 14, 13], "texture": "#0"},
				"up": {"uv": [12, 12, 15, 13], "texture": "#0"},
				"down": {"uv": [11, 12, 14, 13], "texture": "#0"}
			}
		},
		{
			"name": "BaseC2",
			"from": [7.356896, 0.79467584, 8.728851199999998],
			"to": [8.643104000000001, 1.22341184, 9.1575872],
			"shade": true,
			"faces": {
				"north": {"uv": [12, 15, 15, 16], "texture": "#0"},
				"east": {"uv": [13, 11, 14, 12], "texture": "#0"},
				"south": {"uv": [11, 13, 14, 14], "texture": "#0"},
				"west": {"uv": [13, 12, 14, 13], "texture": "#0"},
				"up": {"uv": [12, 12, 15, 13], "texture": "#0"},
				"down": {"uv": [11, 12, 14, 13], "texture": "#0"}
			}
		},
		{
			"name": "BaseC3",
			"from": [6.838125439999999, 0.79467584, 7.356896],
			"to": [7.26686144, 1.22341184, 8.643104000000001],
			"shade": true,
			"faces": {
				"north": {"uv": [12, 15, 13, 16], "texture": "#0"},
				"east": {"uv": [13, 11, 16, 12], "texture": "#0"},
				"south": {"uv": [11, 13, 12, 14], "texture": "#0"},
				"west": {"uv": [13, 12, 16, 13], "texture": "#0"},
				"up": {"uv": [12, 12, 13, 15], "texture": "#0"},
				"down": {"uv": [11, 12, 12, 15], "texture": "#0"}
			}
		},
		{
			"name": "BaseC4",
			"from": [8.724563839999998, 0.79467584, 7.356896],
			"to": [9.15329984, 1.22341184, 8.643104000000001],
			"shade": true,
			"faces": {
				"north": {"uv": [12, 15, 13, 16], "texture": "#0"},
				"east": {"uv": [13, 11, 16, 12], "texture": "#0"},
				"south": {"uv": [11, 13, 12, 14], "texture": "#0"},
				"west": {"uv": [13, 12, 16, 13], "texture": "#0"},
				"up": {"uv": [12, 12, 13, 15], "texture": "#0"},
				"down": {"uv": [11, 12, 12, 15], "texture": "#0"}
			}
		},
		{
			"name": "Up",
			"from": [
				7.142527999999999,
				0.9275840000000017,
				7.142527999999999
			],
			"to": [
				8.857472000000001,
				3.5000000000000018,
				8.857472000000001
			],
			"shade": true,
			"faces": {
				"north": {"uv": [11, 9, 15, 15], "texture": "#0"},
				"east": {"uv": [11, 9, 15, 15], "texture": "#0"},
				"south": {"uv": [11, 9, 15, 15], "texture": "#0"},
				"west": {"uv": [11, 9, 15, 15], "texture": "#0"},
				"up": {"uv": [11, 11, 15, 15], "texture": "#0"},
				"down": {"uv": [11, 11, 15, 15], "texture": "#0"}
			}
		},
		{
			"name": "BottomA",
			"from": [6.285056, 3.5, 6.285056],
			"to": [9.714944000000003, 3.928736, 9.714944000000003],
			"shade": true,
			"faces": {
				"north": {"uv": [3, 0, 11, 1], "texture": "#0"},
				"east": {"uv": [4, 0, 12, 1], "texture": "#0"},
				"south": {"uv": [0, 0, 8, 1], "texture": "#0"},
				"west": {"uv": [2, 0, 10, 1], "texture": "#0"},
				"up": {"uv": [1, 7, 9, 15], "texture": "#0"},
				"down": {"uv": [1, 1, 9, 9], "texture": "#0"}
			}
		},
		{
			"name": "BottomB1",
			"from": [
				5.856319999999999,
				3.7143679999999986,
				6.713792000000001
			],
			"to": [6.285056, 4.143103999999998, 9.286208],
			"shade": true,
			"faces": {
				"north": {"uv": [6, 15, 7, 16], "texture": "#0"},
				"east": {"uv": [6, 0, 12, 1], "texture": "#0"},
				"south": {"uv": [0, 0, 1, 1], "texture": "#0"},
				"west": {"uv": [0, 0, 6, 1], "texture": "#0"},
				"up": {"uv": [7, 1, 8, 7], "texture": "#0"},
				"down": {"uv": [4, 3, 5, 9], "texture": "#0"}
			}
		},
		{
			"name": "BottomB2",
			"from": [
				9.714944000000003,
				3.7100806399999975,
				6.713792000000001
			],
			"to": [10.14368, 4.138816639999997, 9.286208],
			"shade": true,
			"faces": {
				"north": {"uv": [6, 15, 7, 16], "texture": "#0"},
				"east": {"uv": [6, 0, 12, 1], "texture": "#0"},
				"south": {"uv": [0, 0, 1, 1], "texture": "#0"},
				"west": {"uv": [0, 0, 6, 1], "texture": "#0"},
				"up": {"uv": [7, 1, 8, 7], "texture": "#0"},
				"down": {"uv": [4, 3, 5, 9], "texture": "#0"}
			}
		},
		{
			"name": "BottomB3",
			"from": [
				6.713792000000001,
				3.7100806399999975,
				5.856319999999999
			],
			"to": [9.286208, 4.138816639999997, 6.285056],
			"shade": true,
			"faces": {
				"north": {"uv": [6, 15, 12, 16], "texture": "#0"},
				"east": {"uv": [6, 0, 7, 1], "texture": "#0"},
				"south": {"uv": [0, 0, 6, 1], "texture": "#0"},
				"west": {"uv": [0, 0, 1, 1], "texture": "#0"},
				"up": {"uv": [7, 1, 13, 2], "texture": "#0"},
				"down": {"uv": [4, 3, 10, 4], "texture": "#0"}
			}
		},
		{
			"name": "BottomB4",
			"from": [
				6.713792000000001,
				3.7100806399999975,
				9.714944000000003
			],
			"to": [9.286208, 4.138816639999997, 10.14368],
			"shade": true,
			"faces": {
				"north": {"uv": [6, 15, 12, 16], "texture": "#0"},
				"east": {"uv": [6, 0, 7, 1], "texture": "#0"},
				"south": {"uv": [0, 0, 6, 1], "texture": "#0"},
				"west": {"uv": [0, 0, 1, 1], "texture": "#0"},
				"up": {"uv": [7, 1, 13, 2], "texture": "#0"},
				"down": {"uv": [4, 3, 10, 4], "texture": "#0"}
			}
		},
		{
			"name": "BottomC1",
			"from": [6.10927424, 3.7100806399999975, 6.10927424],
			"to": [
				6.713792000000001,
				4.138816639999997,
				6.713792000000001
			],
			"shade": true,
			"faces": {
				"north": {"uv": [8, 0, 9.4, 1], "texture": "#0"},
				"east": {"uv": [8, 0, 9.4, 1], "texture": "#0"},
				"south": {"uv": [5, 0, 6.45, 1], "texture": "#0"},
				"west": {"uv": [9, 0, 10.4, 1], "texture": "#0"},
				"up": {"uv": [1, 1, 2.45, 2.45], "texture": "#0"},
				"down": {"uv": [2, 2, 3.45, 3.45], "texture": "#0"}
			}
		},
		{
			"name": "BottomC2",
			"from": [
				9.196173439999999,
				3.7100806399999975,
				6.10927424
			],
			"to": [
				9.800691199999997,
				4.138816639999997,
				6.713792000000001
			],
			"shade": true,
			"faces": {
				"north": {"uv": [8, 0, 9.4, 1], "texture": "#0"},
				"east": {"uv": [8, 0, 9.4, 1], "texture": "#0"},
				"south": {"uv": [5, 0, 6.45, 1], "texture": "#0"},
				"west": {"uv": [9, 0, 10.4, 1], "texture": "#0"},
				"up": {"uv": [1, 1, 2.45, 2.45], "texture": "#0"},
				"down": {"uv": [2, 2, 3.45, 3.45], "texture": "#0"}
			}
		},
		{
			"name": "BottomC3",
			"from": [
				6.199308800000001,
				3.7100806399999975,
				9.11042624
			],
			"to": [6.7995392, 4.138816639999997, 9.886438400000001],
			"shade": true,
			"faces": {
				"north": {"uv": [8, 0, 9.4, 1], "texture": "#0"},
				"east": {"uv": [8, 0, 9.8, 1], "texture": "#0"},
				"south": {"uv": [5, 0, 6.45, 1], "texture": "#0"},
				"west": {"uv": [9, 0, 10.8, 1], "texture": "#0"},
				"up": {"uv": [1, 1, 2.45, 2.8], "texture": "#0"},
				"down": {"uv": [2, 2, 3.45, 3.8], "texture": "#0"}
			}
		},
		{
			"name": "BottomC4",
			"from": [
				9.200460800000002,
				3.7100806399999975,
				9.200460800000002
			],
			"to": [
				9.800691199999997,
				4.138816639999997,
				9.800691199999997
			],
			"shade": true,
			"faces": {
				"north": {"uv": [8, 0, 9.4, 1], "texture": "#0"},
				"east": {"uv": [8, 0, 9.4, 1], "texture": "#0"},
				"south": {"uv": [5, 0, 6.45, 1], "texture": "#0"},
				"west": {"uv": [9, 0, 10.4, 1], "texture": "#0"},
				"up": {"uv": [1, 1, 2.45, 2.45], "texture": "#0"},
				"down": {"uv": [2, 2, 3.45, 3.45], "texture": "#0"}
			}
		},
		{
			"name": "SideA1",
			"from": [6.713792000000001, 4.01019584, 10.14368],
			"to": [9.286208, 5.29640384, 10.35376064],
			"shade": true,
			"faces": {
				"north": {"uv": [2, 4, 8, 7], "texture": "#0"},
				"east": {"uv": [0, 0, 1, 3], "texture": "#0"},
				"south": {"uv": [9, 12, 15, 15], "texture": "#0"},
				"west": {"uv": [0, 3, 1, 6], "texture": "#0"},
				"up": {"uv": [2, 15, 8, 16], "texture": "#0"},
				"down": {"uv": [0, 0, 6, 1], "texture": "#0"}
			}
		},
		{
			"name": "SideA2",
			"from": [6.713792000000001, 4.014483200000001, 5.641952],
			"to": [9.286208, 5.300691200000001, 5.852032640000001],
			"shade": true,
			"faces": {
				"north": {"uv": [9, 12, 15, 15], "texture": "#0"},
				"east": {"uv": [0, 3, 1, 6], "texture": "#0"},
				"south": {"uv": [1, 4, 7, 7], "texture": "#0"},
				"west": {"uv": [0, 7, 1, 10], "texture": "#0"},
				"up": {"uv": [4, 15, 10, 16], "texture": "#0"},
				"down": {"uv": [9, 0, 15, 1], "texture": "#0"}
			}
		},
		{
			"name": "SideA3",
			"from": [5.641952, 4.014483200000001, 6.713792000000001],
			"to": [
				5.856319999999999,
				5.300691200000001,
				9.281920640000001
			],
			"shade": true,
			"faces": {
				"north": {"uv": [15, 6, 16, 9], "texture": "#0"},
				"east": {"uv": [9, 1, 15, 4], "texture": "#0"},
				"south": {"uv": [0, 3, 1, 6], "texture": "#0"},
				"west": {"uv": [9, 12, 15, 15], "texture": "#0"},
				"up": {"uv": [15, 8, 16, 14], "texture": "#0"},
				"down": {"uv": [0, 0, 1, 6], "texture": "#0"}
			}
		},
		{
			"name": "SideA4",
			"from": [10.14368, 4.014483200000001, 6.713792000000001],
			"to": [10.35376064, 5.300691200000001, 9.286208],
			"shade": true,
			"faces": {
				"north": {"uv": [0, 9, 1, 12], "texture": "#0"},
				"east": {"uv": [9, 12, 15, 15], "texture": "#0"},
				"south": {"uv": [0, 7, 1, 10], "texture": "#0"},
				"west": {"uv": [1, 1, 7, 4], "texture": "#0"},
				"up": {"uv": [15, 4, 16, 10], "texture": "#0"},
				"down": {"uv": [0, 3, 1, 9], "texture": "#0"}
			}
		},
		{
			"name": "SideB1",
			"from": [7.2282752, 4.143104, 5.213215999999999],
			"to": [8.9432192, 5.858048, 5.63766464],
			"shade": true,
			"faces": {
				"north": {"uv": [10, 11, 14, 15], "texture": "#0"},
				"east": {
					"uv": [12, 11, 12.999999985098839, 15],
					"texture": "#0"
				},
				"south": {"uv": [1, 1, 5, 5], "texture": "#0"},
				"west": {
					"uv": [0, 0, 0.9999999850988388, 4],
					"texture": "#0"
				},
				"up": {
					"uv": [1, 1, 5, 1.9999999850988388],
					"texture": "#0"
				},
				"down": {
					"uv": [1, 1, 5, 1.9999999850988388],
					"texture": "#0"
				}
			},
			"rotation": {
				"origin": [
					7.7856320000000006,
					4.786208,
					7.7856320000000006
				],
				"axis": "y",
				"angle": -45
			}
		},
		{
			"name": "SideB2",
			"from": [
				6.92387264,
				4.138816640000001,
				5.513331200000001
			],
			"to": [8.63881664, 5.853760640000001, 5.93777984],
			"shade": true,
			"faces": {
				"north": {"uv": [10, 11, 14, 15], "texture": "#0"},
				"east": {
					"uv": [2, 2, 2.999999985098839, 6],
					"texture": "#0"
				},
				"south": {"uv": [1, 1, 5, 5], "texture": "#0"},
				"west": {
					"uv": [0, 0, 0.9999999850988388, 4],
					"texture": "#0"
				},
				"up": {
					"uv": [1, 1, 5, 1.9999999850988388],
					"texture": "#0"
				},
				"down": {
					"uv": [1, 1, 5, 1.9999999850988388],
					"texture": "#0"
				}
			},
			"rotation": {
				"origin": [
					7.7856320000000006,
					4.786208,
					7.7856320000000006
				],
				"axis": "y",
				"angle": 45
			}
		},
		{
			"name": "SideB3",
			"from": [6.92387264, 4.138816640000001, 10.2723008],
			"to": [
				8.63881664,
				5.853760640000001,
				10.696749439999998
			],
			"shade": true,
			"faces": {
				"north": {"uv": [10, 11, 14, 15], "texture": "#0"},
				"east": {
					"uv": [2, 2, 2.999999985098839, 6],
					"texture": "#0"
				},
				"south": {"uv": [10, 11, 14, 15], "texture": "#0"},
				"west": {
					"uv": [0, 0, 0.9999999850988388, 4],
					"texture": "#0"
				},
				"up": {
					"uv": [2, 3, 6, 3.999999985098839],
					"texture": "#0"
				},
				"down": {
					"uv": [2, 3, 6, 3.999999985098839],
					"texture": "#0"
				}
			},
			"rotation": {
				"origin": [
					7.7856320000000006,
					4.786208,
					7.7856320000000006
				],
				"axis": "y",
				"angle": 45
			}
		},
		{
			"name": "SideB4",
			"from": [7.2282752, 4.138816640000001, 9.96789824],
			"to": [8.9432192, 5.853760640000001, 10.39663424],
			"shade": true,
			"faces": {
				"north": {
					"uv": [4, 4, 8, 8],
					"texture": "#0",
					"rotation": 90
				},
				"east": {
					"uv": [1, 1, 1.9999999850988388, 5],
					"texture": "#0"
				},
				"south": {"uv": [10, 11, 14, 15], "texture": "#0"},
				"west": {
					"uv": [0, 0, 0.9999999850988388, 4],
					"texture": "#0"
				},
				"up": {
					"uv": [1, 1, 5, 1.9999999850988388],
					"texture": "#0"
				},
				"down": {
					"uv": [1, 1, 5, 1.9999999850988388],
					"texture": "#0"
				}
			},
			"rotation": {
				"origin": [
					7.7856320000000006,
					4.786208,
					7.7856320000000006
				],
				"axis": "y",
				"angle": -45
			}
		},
		{
			"name": "SideC1",
			"from": [6.285056, 5.21065664, 5.4704576],
			"to": [9.714944000000003, 6.49686464, 5.684825599999999],
			"shade": true,
			"faces": {
				"north": {"uv": [8, 13, 16, 16], "texture": "#0"},
				"east": {"uv": [0, 7, 1, 10], "texture": "#0"},
				"south": {"uv": [3, 4, 11, 7], "texture": "#0"},
				"west": {"uv": [12, 6, 13, 9], "texture": "#0"},
				"up": {"uv": [2, 1, 10, 2], "texture": "#0"},
				"down": {"uv": [0, 0, 8, 1], "texture": "#0"}
			}
		},
		{
			"name": "SideC2",
			"from": [6.285056, 5.214944000000003, 10.358048],
			"to": [
				9.714944000000003,
				6.501152000000003,
				10.572415999999999
			],
			"shade": true,
			"faces": {
				"north": {"uv": [2, 4, 10, 7], "texture": "#0"},
				"east": {"uv": [0, 7, 1, 10], "texture": "#0"},
				"south": {
					"uv": [8, 13, 16, 16],
					"texture": "#0",
					"rotation": 180
				},
				"west": {"uv": [15, 13, 16, 16], "texture": "#0"},
				"up": {"uv": [0, 0, 8, 1], "texture": "#0"},
				"down": {"uv": [0, 0, 8, 1], "texture": "#0"}
			}
		},
		{
			"name": "SideC3",
			"from": [5.427584000000001, 5.214944000000003, 6.285056],
			"to": [5.641952, 6.501152000000003, 9.714944000000003],
			"shade": true,
			"faces": {
				"north": {"uv": [2, 4, 3, 7], "texture": "#0"},
				"east": {"uv": [5, 7, 13, 10], "texture": "#0"},
				"south": {"uv": [8, 13, 9, 16], "texture": "#0"},
				"west": {"uv": [8, 13, 16, 16], "texture": "#0"},
				"up": {"uv": [0, 0, 1, 8], "texture": "#0"},
				"down": {"uv": [0, 0, 1, 8], "texture": "#0"}
			}
		},
		{
			"name": "SideC4",
			"from": [10.358048, 5.214944000000003, 6.285056],
			"to": [
				10.572415999999999,
				6.501152000000003,
				9.714944000000003
			],
			"shade": true,
			"faces": {
				"north": {"uv": [2, 4, 3, 7], "texture": "#0"},
				"east": {"uv": [8, 13, 16, 16], "texture": "#0"},
				"south": {"uv": [13, 12, 14, 15], "texture": "#0"},
				"west": {"uv": [3, 4, 11, 7], "texture": "#0"},
				"up": {"uv": [0, 0, 1, 8], "texture": "#0"},
				"down": {"uv": [0, 0, 1, 8], "texture": "#0"}
			}
		},
		{
			"name": "Top1",
			"from": [
				7.142527999999999,
				5.643680000000001,
				4.908813440000001
			],
			"to": [
				8.857472000000001,
				6.544026000000001,
				5.380423039999999
			],
			"shade": true,
			"faces": {
				"north": {"uv": [11, 12, 15, 14.1], "texture": "#0"},
				"east": {"uv": [1, 2, 2.1, 4.1], "texture": "#0"},
				"south": {"uv": [2, 1, 6, 3.1], "texture": "#0"},
				"west": {"uv": [2, 2, 3.1, 4.1], "texture": "#0"},
				"up": {"uv": [2, 1, 6, 2.1], "texture": "#0"},
				"down": {"uv": [2, 3, 6, 4.1], "texture": "#0"}
			},
			"rotation": {
				"origin": [8, 3.500000400000001, 8],
				"axis": "y",
				"angle": 45
			}
		},
		{
			"name": "Top2",
			"from": [
				7.142527999999999,
				5.643680000000001,
				4.95168704
			],
			"to": [
				8.857472000000001,
				6.544026000000001,
				5.427584000000001
			],
			"shade": true,
			"faces": {
				"north": {"uv": [11, 12, 15, 14.1], "texture": "#0"},
				"east": {"uv": [1, 1, 2.1, 3.1], "texture": "#0"},
				"south": {"uv": [1, 1, 5, 3.1], "texture": "#0"},
				"west": {"uv": [1, 1, 2.1, 3.1], "texture": "#0"},
				"up": {"uv": [1, 1, 5, 2.1], "texture": "#0"},
				"down": {"uv": [1, 1, 5, 2.1], "texture": "#0"}
			},
			"rotation": {
				"origin": [8, 3.500000400000001, 8],
				"axis": "y",
				"angle": -45
			}
		},
		{
			"name": "Top3",
			"from": [
				7.142527999999999,
				5.643680000000001,
				10.611002240000001
			],
			"to": [
				8.857472000000001,
				6.544026000000001,
				11.082611839999998
			],
			"shade": true,
			"faces": {
				"north": {"uv": [1, 1, 5, 3.1], "texture": "#0"},
				"east": {"uv": [1, 1, 2.1, 3.1], "texture": "#0"},
				"south": {"uv": [11, 11, 15, 13.1], "texture": "#0"},
				"west": {"uv": [1, 1, 2.1, 3.1], "texture": "#0"},
				"up": {"uv": [1, 1, 5, 2.1], "texture": "#0"},
				"down": {"uv": [1, 1, 5, 2.1], "texture": "#0"}
			},
			"rotation": {
				"origin": [8, 3.500000400000001, 8],
				"axis": "y",
				"angle": 45
			}
		},
		{
			"name": "Top4",
			"from": [
				7.142527999999999,
				5.643680000000001,
				10.611002240000001
			],
			"to": [
				8.857472000000001,
				6.544026000000001,
				11.082611839999998
			],
			"shade": true,
			"faces": {
				"north": {"uv": [3, 6, 7, 8.1], "texture": "#0"},
				"east": {"uv": [0, 0, 1.11, 2.1], "texture": "#0"},
				"south": {"uv": [11, 11, 15, 13.1], "texture": "#0"},
				"west": {"uv": [1, 2, 2.1, 4.1], "texture": "#0"},
				"up": {"uv": [1, 1, 5, 2.1], "texture": "#0"},
				"down": {"uv": [1, 2, 5, 3.1], "texture": "#0"}
			},
			"rotation": {
				"origin": [8, 3.500000400000001, 8],
				"axis": "y",
				"angle": -45
			}
		}
	]
}