{
    "__comment": "Model generated using MrCrayfish's Model Creator (http://mrcrayfish.com/modelcreator/)",
    "textures": {
        "particle": "block/torch",
        "0": "block/torch",
        "1": "block/cauldron_side",
        "2": "block/white_concrete"
    },
    "elements": [
        {
            "name": "Torch",
            "from": [ 7.0, 3.0, 0.0 ], 
            "to": [ 9.0, 13.0, 2.0 ], 
            "rotation": { "origin": [ 8.0, 3.0, 1.0 ], "axis": "x", "angle": 22.5 },
            "faces": {
                "north": { "texture": "#0", "uv": [ 7.0, 6.0, 9.0, 16.0 ] },
                "east": { "texture": "#0", "uv": [ 7.0, 6.0, 9.0, 16.0 ] },
                "south": { "texture": "#0", "uv": [ 7.0, 6.0, 9.0, 16.0 ] },
                "west": { "texture": "#0", "uv": [ 7.0, 6.0, 9.0, 16.0 ] },
                "up": { "texture": "#0", "uv": [ 7.0, 6.0, 9.0, 8.0 ] },
                "down": { "texture": "#0", "uv": [ 7.0, 14.0, 9.0, 16.0 ] }
            }
        },
        {
            "name": "Plate",
            "from": [ 6.0, 1.0, 0.0 ], 
            "to": [ 10.0, 11.0, 1.0 ], 
            "faces": {
                "north": { "texture": "#1", "uv": [ 0.0, 0.0, 4.0, 11.0 ] },
                "east": { "texture": "#1", "uv": [ 0.0, 0.0, 1.0, 11.0 ] },
                "south": { "texture": "#1", "uv": [ 0.0, 0.0, 4.0, 11.0 ] },
                "west": { "texture": "#1", "uv": [ 0.0, 0.0, 1.0, 11.0 ] },
                "up": { "texture": "#1", "uv": [ 0.0, 0.0, 4.0, 1.0 ] },
                "down": { "texture": "#1", "uv": [ 0.0, 0.0, 4.0, 1.0 ] }
            }
        },
        {
            "name": "ThingA",
            "from": [ 6.3, 0.5, 2.0 ], 
            "to": [ 6.8, 7.5, 3.0 ], 
            "rotation": { "origin": [ 6.0, 4.0, 4.0 ], "axis": "x", "angle": 45.0 },
            "faces": {
                "north": { "texture": "#1", "uv": [ 0.0, 0.0, 0.5, 7.0 ] },
                "east": { "texture": "#1", "uv": [ 0.0, 0.0, 1.0, 7.0 ] },
                "south": { "texture": "#1", "uv": [ 0.0, 0.0, 0.5, 7.0 ] },
                "west": { "texture": "#1", "uv": [ 0.0, 0.0, 1.0, 7.0 ] },
                "up": { "texture": "#1", "uv": [ 0.0, 0.0, 0.5, 1.0 ] },
                "down": { "texture": "#1", "uv": [ 0.0, 0.0, 0.5, 1.0 ] }
            }
        },
        {
            "name": "ThingB",
            "from": [ 9.2, 0.5, 2.0 ], 
            "to": [ 9.7, 7.5, 3.0 ], 
            "rotation": { "origin": [ 6.0, 4.0, 4.0 ], "axis": "x", "angle": 45.0 },
            "faces": {
                "north": { "texture": "#1", "uv": [ 0.0, 0.0, 0.5, 7.0 ] },
                "east": { "texture": "#1", "uv": [ 0.0, 0.0, 1.0, 7.0 ] },
                "south": { "texture": "#1", "uv": [ 0.0, 0.0, 0.5, 7.0 ] },
                "west": { "texture": "#1", "uv": [ 0.0, 0.0, 1.0, 7.0 ] },
                "up": { "texture": "#1", "uv": [ 0.0, 0.0, 0.5, 1.0 ] },
                "down": { "texture": "#1", "uv": [ 0.0, 0.0, 0.5, 1.0 ] }
            }
        },
        {
            "name": "ThingConnect",
            "from": [ 5.5, 7.0, 3.7 ], 
            "to": [ 10.5, 8.0, 4.7 ], 
            "rotation": { "origin": [ 8.0, 8.0, 4.0 ], "axis": "x", "angle": -45.0 },
            "faces": {
                "north": { "texture": "#1", "uv": [ 0.0, 0.0, 5.0, 1.0 ] },
                "east": { "texture": "#1", "uv": [ 0.0, 0.0, 1.0, 1.0 ] },
                "south": { "texture": "#1", "uv": [ 0.0, 0.0, 5.0, 1.0 ] },
                "west": { "texture": "#1", "uv": [ 0.0, 0.0, 1.0, 1.0 ] },
                "up": { "texture": "#1", "uv": [ 0.0, 0.0, 5.0, 1.0 ] },
                "down": { "texture": "#1", "uv": [ 0.0, 0.0, 5.0, 1.0 ] }
            }
        },
        {
            "name": "HoldA",
            "from": [ 6.5, 8.0, 0.0 ], 
            "to": [ 7.0, 9.0, 5.0 ], 
            "rotation": { "origin": [ 8.0, 8.0, 1.0 ], "axis": "x", "angle": 22.5 },
            "faces": {
                "north": { "texture": "#1", "uv": [ 0.0, 0.0, 0.5, 1.0 ] },
                "east": { "texture": "#1", "uv": [ 0.0, 0.0, 5.0, 1.0 ] },
                "south": { "texture": "#1", "uv": [ 0.0, 0.0, 0.5, 1.0 ] },
                "west": { "texture": "#1", "uv": [ 0.0, 0.0, 5.0, 1.0 ] },
                "up": { "texture": "#1", "uv": [ 0.0, 0.0, 0.5, 5.0 ] },
                "down": { "texture": "#1", "uv": [ 0.0, 0.0, 0.5, 5.0 ] }
            }
        },
        {
            "name": "HoldB",
            "from": [ 9.0, 8.0, 0.0 ], 
            "to": [ 9.5, 9.0, 5.0 ], 
            "rotation": { "origin": [ 8.0, 8.0, 1.0 ], "axis": "x", "angle": 22.5 },
            "faces": {
                "north": { "texture": "#1", "uv": [ 0.0, 0.0, 0.5, 1.0 ] },
                "east": { "texture": "#1", "uv": [ 0.0, 0.0, 5.0, 1.0 ] },
                "south": { "texture": "#1", "uv": [ 0.0, 0.0, 0.5, 1.0 ] },
                "west": { "texture": "#1", "uv": [ 0.0, 0.0, 5.0, 1.0 ] },
                "up": { "texture": "#1", "uv": [ 0.0, 0.0, 0.5, 5.0 ] },
                "down": { "texture": "#1", "uv": [ 0.0, 0.0, 0.5, 5.0 ] }
            }
        },
        {
            "name": "DotA",
            "from": [ 6.5, 1.5, 0.7 ], 
            "to": [ 7.0, 2.0, 1.2 ], 
            "faces": {
                "north": { "texture": "#2", "uv": [ 0.0, 0.0, 0.5, 0.5 ] },
                "east": { "texture": "#2", "uv": [ 0.0, 0.0, 0.5, 0.5 ] },
                "south": { "texture": "#2", "uv": [ 0.0, 0.0, 0.5, 0.5 ] },
                "west": { "texture": "#2", "uv": [ 0.0, 0.0, 0.5, 0.5 ] },
                "up": { "texture": "#2", "uv": [ 0.0, 0.0, 0.5, 0.5 ] },
                "down": { "texture": "#2", "uv": [ 0.0, 0.0, 0.5, 0.5 ] }
            }
        },
        {
            "name": "DotB",
            "from": [ 9.0, 1.5, 0.7 ], 
            "to": [ 9.5, 2.0, 1.2 ], 
            "faces": {
                "north": { "texture": "#2", "uv": [ 0.0, 0.0, 0.5, 0.5 ] },
                "east": { "texture": "#2", "uv": [ 0.0, 0.0, 0.5, 0.5 ] },
                "south": { "texture": "#2", "uv": [ 0.0, 0.0, 0.5, 0.5 ] },
                "west": { "texture": "#2", "uv": [ 0.0, 0.0, 0.5, 0.5 ] },
                "up": { "texture": "#2", "uv": [ 0.0, 0.0, 0.5, 0.5 ] },
                "down": { "texture": "#2", "uv": [ 0.0, 0.0, 0.5, 0.5 ] }
            }
        },
        {
            "name": "DotC",
            "from": [ 6.5, 10.0, 0.7 ], 
            "to": [ 7.0, 10.5, 1.2 ], 
            "faces": {
                "north": { "texture": "#2", "uv": [ 0.0, 0.0, 0.5, 0.5 ] },
                "east": { "texture": "#2", "uv": [ 0.0, 0.0, 0.5, 0.5 ] },
                "south": { "texture": "#2", "uv": [ 0.0, 0.0, 0.5, 0.5 ] },
                "west": { "texture": "#2", "uv": [ 0.0, 0.0, 0.5, 0.5 ] },
                "up": { "texture": "#2", "uv": [ 0.0, 0.0, 0.5, 0.5 ] },
                "down": { "texture": "#2", "uv": [ 0.0, 0.0, 0.5, 0.5 ] }
            }
        },
        {
            "name": "DotD",
            "from": [ 9.0, 10.0, 0.7 ], 
            "to": [ 9.5, 10.5, 1.2 ], 
            "faces": {
                "north": { "texture": "#2", "uv": [ 0.0, 0.0, 0.5, 0.5 ] },
                "east": { "texture": "#2", "uv": [ 0.0, 0.0, 0.5, 0.5 ] },
                "south": { "texture": "#2", "uv": [ 0.0, 0.0, 0.5, 0.5 ] },
                "west": { "texture": "#2", "uv": [ 0.0, 0.0, 0.5, 0.5 ] },
                "up": { "texture": "#2", "uv": [ 0.0, 0.0, 0.5, 0.5 ] },
                "down": { "texture": "#2", "uv": [ 0.0, 0.0, 0.5, 0.5 ] }
            }
        }
    ]
}