{
    "__comment": "Model generated using MrCrayfish's Model Creator (http://mrcrayfish.com/modelcreator/)",
    "textures": {
        "0": "custom/cactus_side",
        "1": "custom/cactus_bottom",
        "particle": "custom/cactus_side"
    },
    "elements": [
        {
            "name": "CactusMain",
            "from": [ 6.0, 0.0, 6.0 ], 
            "to": [ 10.0, 12.0, 10.0 ], 
            "faces": {
                "north": { "texture": "#0", "uv": [ 0.0, 0.0, 4.0, 12.0 ] },
                "east": { "texture": "#0", "uv": [ 12.0, 0.0, 16.0, 12.0 ] },
                "south": { "texture": "#0", "uv": [ 0.0, 0.0, 4.0, 12.0 ] },
                "west": { "texture": "#0", "uv": [ 12.0, 0.0, 16.0, 12.0 ] },
                "up": { "texture": "#0", "uv": [ 4.0, 1.0, 8.0, 5.0 ] },
                "down": { "texture": "#1", "uv": [ 6.0, 6.0, 10.0, 10.0 ] }
            }
        },
        {
            "name": "CatcusTop",
            "from": [ 6.500000007450581, 12.0, 6.500000007450581 ], 
            "to": [ 9.50000000745058, 12.49999999254942, 9.50000000745058 ], 
            "faces": {
                "north": { "texture": "#0", "uv": [ 0.0, 0.0, 3.0, 0.4999999925494194 ] },
                "east": { "texture": "#0", "uv": [ 12.0, 0.0, 15.0, 0.4999999925494194 ] },
                "south": { "texture": "#0", "uv": [ 0.0, 0.0, 3.0, 0.4999999925494194 ] },
                "west": { "texture": "#0", "uv": [ 12.0, 0.0, 15.0, 0.4999999925494194 ] },
                "up": { "texture": "#0", "uv": [ 4.0, 1.0, 7.0, 4.0 ] },
                "down": { "texture": "#1", "uv": [ 6.0, 6.0, 9.0, 9.0 ] }
            }
        },
        {
            "name": "CactusA1",
            "from": [ 10.0, 4.0, 7.000000014901161 ], 
            "to": [ 12.0, 6.0, 9.000000014901161 ], 
            "faces": {
                "north": { "texture": "#0", "uv": [ 5.0, 9.0, 7.0, 11.0 ] },
                "east": { "texture": "#0", "uv": [ 12.0, 2.0, 14.0, 4.0 ] },
                "south": { "texture": "#0", "uv": [ 7.0, 5.0, 9.0, 7.0 ] },
                "west": { "texture": "#0", "uv": [ 13.0, 5.0, 15.0, 7.0 ] },
                "up": { "texture": "#0", "uv": [ 5.0, 1.0, 7.0, 3.0 ] },
                "down": { "texture": "#0", "uv": [ 6.0, 8.0, 8.0, 10.0 ] }
            }
        },
        {
            "name": "CactusA2",
            "from": [ 12.0, 4.0, 7.100000016391277 ], 
            "to": [ 14.699999995529652, 6.0, 8.900000013411045 ], 
            "rotation": { "origin": [ 12.0, 4.0, 7.0 ], "axis": "z", "angle": 45.0 },
            "faces": {
                "north": { "texture": "#0", "uv": [ 5.0, 9.0, 7.699999995529652, 11.0 ] },
                "east": { "texture": "#0", "uv": [ 12.0, 2.0, 13.799999997019768, 4.0 ] },
                "south": { "texture": "#0", "uv": [ 7.0, 5.0, 9.699999995529652, 7.0 ] },
                "west": { "texture": "#0", "uv": [ 13.0, 5.0, 14.799999997019768, 7.0 ] },
                "up": { "texture": "#0", "uv": [ 5.0, 1.0, 7.699999995529652, 2.7999999970197678 ] },
                "down": { "texture": "#0", "uv": [ 6.0, 8.0, 8.699999995529652, 9.799999997019768 ] }
            }
        },
        {
            "name": "CactusA3",
            "from": [ 12.0, 6.0, 7.000000014901161 ], 
            "to": [ 13.899999998509884, 11.899999983608723, 9.000000014901161 ], 
            "faces": {
                "north": { "texture": "#0", "uv": [ 5.0, 9.0, 6.899999998509884, 14.899999983608723 ] },
                "east": { "texture": "#0", "uv": [ 12.0, 2.0, 14.0, 7.899999983608723 ] },
                "south": { "texture": "#0", "uv": [ 7.0, 5.0, 8.899999998509884, 10.899999983608723 ] },
                "west": { "texture": "#0", "uv": [ 13.0, 5.0, 15.0, 10.899999983608723 ] },
                "up": { "texture": "#0", "uv": [ 5.0, 1.0, 6.899999998509884, 3.0 ] },
                "down": { "texture": "#0", "uv": [ 6.0, 8.0, 7.899999998509884, 10.0 ] }
            }
        },
        {
            "name": "CactusB1",
            "from": [ 7.0, 3.0, 4.0 ], 
            "to": [ 9.0, 5.0, 6.0 ], 
            "faces": {
                "north": { "texture": "#0", "uv": [ 5.0, 9.0, 7.0, 11.0 ] },
                "east": { "texture": "#0", "uv": [ 12.0, 2.0, 14.0, 4.0 ] },
                "south": { "texture": "#0", "uv": [ 7.0, 5.0, 9.0, 7.0 ] },
                "west": { "texture": "#0", "uv": [ 13.0, 5.0, 15.0, 7.0 ] },
                "up": { "texture": "#0", "uv": [ 5.0, 1.0, 7.0, 3.0 ] },
                "down": { "texture": "#0", "uv": [ 6.0, 8.0, 8.0, 10.0 ] }
            }
        },
        {
            "name": "CactusB2",
            "from": [ 7.1, -2.4000000059604645, 4.3 ], 
            "to": [ 8.9, -0.4000000059604645, 7.0 ], 
            "rotation": { "origin": [ 7.0, 4.0, 12.0 ], "axis": "x", "angle": 45.0 },
            "faces": {
                "north": { "texture": "#0", "uv": [ 5.0, 9.0, 6.8, 11.0 ] },
                "east": { "texture": "#0", "uv": [ 12.0, 2.0, 14.7, 4.0 ] },
                "south": { "texture": "#0", "uv": [ 7.0, 5.0, 8.8, 7.0 ] },
                "west": { "texture": "#0", "uv": [ 13.0, 5.0, 15.7, 7.0 ] },
                "up": { "texture": "#0", "uv": [ 5.0, 1.0, 6.8, 3.7 ] },
                "down": { "texture": "#0", "uv": [ 6.0, 8.0, 7.8, 10.7 ] }
            }
        },
        {
            "name": "CactusB3",
            "from": [ 7.0, 5.0, 2.0 ], 
            "to": [ 9.0, 8.899999983608723, 3.9 ], 
            "faces": {
                "north": { "texture": "#0", "uv": [ 5.0, 9.0, 7.0, 12.899999983608723 ] },
                "east": { "texture": "#0", "uv": [ 12.0, 2.0, 13.9, 5.899999983608723 ] },
                "south": { "texture": "#0", "uv": [ 7.0, 5.0, 9.0, 8.899999983608723 ] },
                "west": { "texture": "#0", "uv": [ 13.0, 5.0, 14.9, 8.899999983608723 ] },
                "up": { "texture": "#0", "uv": [ 5.0, 1.0, 7.0, 2.9 ] },
                "down": { "texture": "#0", "uv": [ 6.0, 8.0, 8.0, 9.9 ] }
            }
        }
    ]
}