{
	"credit": "Made with Blockbench",
	"textures": {
		"0": "block/spruce_log",
		"1": "block/green_terracotta",
		"particle": "block/spruce_log"
	},
	"elements": [
		{
			"name": "Twig1",
			"from": [2, 0, 3],
			"to": [9, 1, 4],
			"faces": {
				"north": {"uv": [0, 0, 7, 1], "texture": "#0"},
				"east": {"uv": [0, 0, 1, 1], "texture": "#0"},
				"south": {"uv": [0, 0, 7, 1], "texture": "#0"},
				"west": {"uv": [0, 0, 1, 1], "texture": "#0"},
				"up": {"uv": [0, 0, 7, 1], "texture": "#0"},
				"down": {"uv": [0, 0, 7, 1], "texture": "#0"}
			}
		},
		{
			"name": "Twig1b",
			"from": [6, 0, 4],
			"to": [8, 1, 5],
			"faces": {
				"north": {"uv": [11, 0, 13, 1], "texture": "#0"},
				"east": {"uv": [0, 0, 1, 1], "texture": "#0"},
				"south": {"uv": [11, 0, 13, 1], "texture": "#0"},
				"west": {"uv": [0, 0, 1, 1], "texture": "#0"},
				"up": {"uv": [11, 0, 13, 1], "texture": "#0"},
				"down": {"uv": [11, 0, 13, 1], "texture": "#0"}
			}
		},
		{
			"name": "Leave1",
			"from": [3, 0, 2],
			"to": [4, 1, 3],
			"faces": {
				"north": {"uv": [0, 0, 1, 1], "texture": "#1"},
				"east": {"uv": [0, 0, 1, 1], "texture": "#1"},
				"south": {"uv": [0, 0, 1, 1], "texture": "#1"},
				"west": {"uv": [0, 0, 1, 1], "texture": "#1"},
				"up": {"uv": [0, 0, 1, 1], "texture": "#1"},
				"down": {"uv": [0, 0, 1, 1], "texture": "#1"}
			}
		}
	]
}